{
    "val_mc": 325.60000000000014,
    "opt_mc": 96.0,
    "demand_mc": [
        78.4874801355052,
        97.3161047998746,
        82.83470541694678,
        95.23756419963887,
        67.88123633374397,
        64.42775402128404,
        99.1448205396161,
        88.34128450751089,
        121.63401364946743,
        82.49447902462576,
        120.24843343184152,
        125.92602291676366,
        112.65868197332624,
        96.00096720779193,
        85.01780742827697,
        86.64992016339707,
        52.36378856621055,
        123.57057781347663,
        95.58562896793875,
        112.21445491126279,
        102.20734969171018,
        137.06433548360386,
        83.73770770109812,
        79.04410714851467,
        125.73549611491438,
        110.43236547850748,
        114.96355152495299,
        106.63154190275512,
        115.29861576712807,
        91.19866141449562,
        71.94628836122553,
        104.70304549459799,
        112.8883876451939,
        102.92049540817781,
        104.31555919791029,
        102.2141750183587,
        107.10154269869273,
        97.68586077535467,
        108.32087772475231,
        87.62284964068208,
        86.58618754040108,
        144.97771462301847,
        111.94923080121676,
        124.86088054282592,
        124.84952206170023,
        74.53693892282263,
        128.06704650241733,
        105.9571545981049,
        115.53061815813257,
        89.84379624535944,
        87.29400220329815,
        81.45208034579802,
        114.45141545677555,
        104.27795355151021,
        127.99031775399513,
        114.28451399194476,
        116.6547853058245,
        82.62625458778301,
        137.2734022838796,
        79.60215381517236,
        99.99889813436374,
        107.70934810897035,
        93.20483509199677,
        97.97239161184586,
        70.53766814269035,
        124.87664719840708,
        112.14932665277541,
        90.26210818133026,
        103.13269703012128,
        146.55714951330003,
        108.56863375765924,
        94.55856305856076,
        80.97696473896323,
        103.82291579198777,
        67.74015293542675,
        122.75346256813386,
        116.89049768791273,
        133.95742184420638,
        82.6673859599301,
        79.92373358383148,
        100.28787413056408,
        73.92348786039392,
        117.09757958871845,
        90.48679359276865,
        86.26896251906787,
        99.37530834748877,
        139.16064198737806,
        61.20252168171058,
        94.02457395207747,
        97.98361696237636,
        115.12745888948076,
        80.30572525514236,
        115.96128876155825,
        89.62024187804919,
        81.47249607283304,
        121.51758546134035,
        124.81815211132958,
        84.61794475654915,
        124.41006561893772,
        101.75224260835901
    ],
    "val_mm": 345.33278443408545,
    "opt_mm": 106.0,
    "dist_mm": -2.4905602913349867e-08,
    "demand_mm": [
        137.2734022838796,
        115.53061815813257,
        90.48679359276865,
        101.75224260835901,
        96.00096720779193,
        115.29861576712807,
        114.96355152495299,
        108.32087772475231,
        122.75346256813386,
        114.45141545677555,
        133.95742184420638,
        104.31555919791029,
        74.53693892282263,
        99.99889813436374,
        107.70934810897035,
        110.43236547850748,
        139.16064198737806,
        116.89049768791273,
        85.01780742827697,
        97.3161047998746,
        124.84952206170023,
        99.1448205396161,
        104.70304549459799,
        79.60215381517236,
        73.92348786039392,
        112.65868197332624,
        81.45208034579802,
        83.73770770109812,
        127.99031775399513,
        67.74015293542675,
        84.61794475654915,
        95.23756419963887,
        94.02457395207747,
        80.30572525514236,
        104.27795355151021,
        90.26210818133026,
        106.63154190275512,
        87.62284964068208,
        128.06704650241733,
        89.62024187804919,
        81.47249607283304,
        121.51758546134035,
        102.20734969171018,
        125.92602291676366,
        114.28451399194476,
        79.92373358383148,
        89.84379624535944,
        97.98361696237636,
        71.94628836122553,
        64.42775402128404
    ],
    "val_w": 324.79999999999984,
    "opt_w": 99.0,
    "dist_w": 1.460550411231545,
    "demand_w": [
        73.92348786039392,
        124.84952206170023,
        114.28451399194476,
        139.16064198737806,
        112.14932665277541,
        137.2734022838796,
        64.42775402128404,
        133.95742184420638,
        99.1448205396161,
        112.8883876451939,
        103.82291579198777,
        124.86088054282592,
        52.36378856621055,
        79.04410714851467,
        102.2141750183587,
        124.87664719840708,
        116.6547853058245,
        95.58562896793875,
        127.99031775399513,
        97.3161047998746,
        111.94923080121676,
        104.27795355151021,
        94.02457395207747,
        83.73770770109812,
        124.81815211132958,
        87.29400220329815,
        107.10154269869273,
        115.96128876155825,
        82.62625458778301,
        104.70304549459799,
        146.55714951330003,
        102.20734969171018,
        80.97696473896323,
        78.4874801355052,
        106.63154190275512,
        82.49447902462576,
        86.58618754040108,
        86.26896251906787,
        107.70934810897035,
        82.6673859599301,
        67.88123633374397,
        121.63401364946743,
        102.92049540817781,
        82.83470541694678,
        79.92373358383148,
        115.53061815813257,
        101.75224260835901,
        96.00096720779193,
        115.12745888948076,
        110.43236547850748
    ]
}