{
    "val_mc": 55.65,
    "opt_mc": 11.0,
    "demand_mc": [
        12.688042267114346,
        11.328988631793141,
        15.063403740232808,
        11.071323482217384,
        12.414594408701534,
        5.806566843993398,
        5.812693729408886,
        7.405555262074147,
        10.182269891133597,
        10.309276463943126,
        8.70960651763869,
        14.477726289109611,
        15.614041470669559,
        4.512263709513579,
        10.21528656532162,
        11.460460864310829,
        2.6198223983264946,
        5.413598025686378,
        9.77669964396605,
        9.857500775579437,
        4.521385504099104,
        8.049491492015498,
        9.232156906395735,
        8.765557526003832,
        6.151323831969201,
        5.3156765683621,
        13.007542638871483,
        6.82475987725293,
        9.73128632491042,
        12.446017620992684,
        4.107166052554294,
        13.674688137135744,
        12.930321205956755,
        3.282868136793537,
        5.978688128458343,
        9.466842431857652,
        12.863759170958778,
        14.292787461604886,
        14.91617732104168,
        7.509692324866527,
        14.408143063310888,
        11.092447056518921,
        10.08950754315907,
        5.1123504119868315,
        7.065644966649821,
        12.634219675693835,
        8.864898776509557,
        11.244187794228658,
        10.548405542433821,
        8.419779681291773,
        10.76049868621456,
        9.38951902928556,
        5.51121805120379,
        9.480402903281242,
        10.030548296853793,
        12.093712803002672,
        10.873704490223773,
        9.019131257722165,
        7.090739869909454,
        12.190611149633632,
        5.122265345829148,
        14.242752024980872,
        9.113101322060608,
        8.473160430187445,
        6.5286756464041495,
        14.067350530110039,
        13.20669655796408,
        9.086562180976827,
        10.649204818509766,
        11.186748764746119,
        12.345409611428718,
        9.710066272683312,
        13.629013656651617,
        8.270066127887825,
        16.837718789512934,
        11.684638749965279,
        4.019004346138033,
        12.825646651850462,
        6.938757834344646,
        8.660413980801408,
        11.258665830129157,
        8.931661173684482,
        11.842389635710983,
        10.436865892788315,
        10.163330709405631,
        7.527645056667137,
        11.05557027797635,
        13.564873536864772,
        9.436295165601805,
        4.48125840938121,
        10.31641951473717,
        4.145068417344868,
        12.047491553996501,
        9.296353866522526,
        14.982270068061288,
        8.584323898418116,
        16.739887108011118,
        6.766080536231151,
        7.161017188186765,
        10.2795158121684,
        11.011444287940988,
        9.587593911618542,
        15.274095193371902,
        8.550433749630049,
        9.122496680671428,
        7.365198369440934,
        10.509916831802922,
        8.398396182545532,
        8.477751516124568,
        7.9716481327920805,
        6.616649348085606,
        10.063412499506025,
        13.479309371428752,
        8.95650950532349,
        1.9336165073389466,
        6.11644769655216,
        12.8852477702583,
        6.941121631863303,
        8.49333373732681,
        12.556925445860811,
        6.929220011903345,
        12.512728815611247,
        15.042542393559799,
        15.483391136515086,
        14.506739961023287,
        7.24812862978463,
        12.291891499648347,
        8.165099043764767,
        16.179311218295368,
        9.905987761502521,
        8.48733952674644,
        16.332839815926455,
        7.590132725168,
        12.20158738941435,
        10.9577933145403,
        9.738119257964872,
        10.30274076172829,
        9.373738961938582,
        10.0330277521445,
        14.687590826159663,
        7.808776437987745,
        6.360928917060931,
        12.633786246287261,
        9.400821921072351,
        12.850341718860394,
        11.993433841720861,
        7.445033156571412,
        10.04428692376262,
        13.71642480322646,
        9.851640768652691,
        7.861566835774919,
        14.529221123554157,
        7.51409385663972,
        11.567855945899739,
        7.137445980504941,
        9.309993316281805,
        12.135449113601396,
        9.679962121781696,
        11.793701478879388,
        1.48504989740416,
        10.306504264082506,
        6.468802286247822,
        12.135088076216771,
        6.620715579854664,
        8.552582717689226,
        15.730497416041661,
        15.036355701979758,
        12.342843609569703,
        9.837852074258766,
        9.117512288793513,
        10.005775423626215,
        10.691023344825698,
        8.086264975706808,
        11.331223783842276,
        12.943185547439581,
        9.167357033048136,
        9.775937357665155,
        8.275510196782692,
        9.295076210825867,
        5.179371395823779,
        8.104121139906118,
        6.6452540775877775,
        17.143340933663456,
        8.968564159599028,
        8.608816044470602,
        9.887823389471329,
        13.064314939471991,
        10.333917546817561,
        11.328367325010642,
        10.612025091211219,
        11.346265293087257,
        10.176515947975135,
        7.698741262200804,
        8.735825450974525,
        12.410965601919349,
        6.652841580435798,
        7.326661167721476,
        11.719207654009809,
        8.963786308601952,
        11.711838418071556
    ],
    "val_mm": 57.98987678178826,
    "opt_mm": 11.0,
    "dist_mm": -4.263256414560601e-12,
    "demand_mm": [
        9.309993316281805,
        8.398396182545532,
        15.063403740232808,
        5.3156765683621,
        10.436865892788315,
        11.993433841720861,
        5.806566843993398,
        11.092447056518921,
        9.710066272683312,
        15.274095193371902,
        9.019131257722165,
        11.460460864310829,
        15.483391136515086,
        8.864898776509557,
        9.436295165601805,
        8.552582717689226,
        11.719207654009809,
        12.135088076216771,
        11.328988631793141,
        4.107166052554294,
        7.137445980504941,
        8.70960651763869,
        5.1123504119868315,
        7.527645056667137,
        1.48504989740416,
        9.775937357665155,
        16.332839815926455,
        9.73128632491042,
        11.331223783842276,
        12.135449113601396,
        5.179371395823779,
        10.21528656532162,
        11.842389635710983,
        14.687590826159663,
        12.190611149633632,
        9.851640768652691,
        7.9716481327920805,
        9.117512288793513,
        8.473160430187445,
        5.413598025686378,
        9.738119257964872,
        10.182269891133597,
        9.400821921072351,
        3.282868136793537,
        12.342843609569703,
        12.850341718860394,
        7.698741262200804,
        11.071323482217384,
        10.063412499506025,
        9.887823389471329
    ],
    "val_w": 55.800000000000004,
    "opt_w": 11.0,
    "dist_w": 0.1891466956576154,